x,y
-0.21568935033057965,0.41684687106577284
-0.19300551163009408,-2.250241335366457
-0.4536685406624642,-0.6391052280104411
0.9894307261377046,-0.28014387786620876
0.2607490595273279,-0.8560473476317431
0.3149361962580853,0.28035619342629187
-2.542616517604959,0.030608534447546208
0.8900235072075218,-1.032851844356729
-1.6260096518033413,-0.25825051930818227
1.968495048071262,0.5803004246162965
-0.8393129250204558,0.9031081470052685
-0.15630623928427284,1.5106906545936511
-1.0127261859860226,0.21075702121563172
1.0041164163725864,0.5756676644246905
0.5723611471955964,-0.8407792836431072
0.7701345879225218,0.8700130439476962
1.4870069234658698,1.0798078188808593
0.9126119419673885,-0.8130964713948429
-1.85065107303672,-0.16660919688177167
-0.047267937001444764,-1.818880391435199
-1.076499255445949,-0.8350608558094426
0.661134946670477,-0.9364353925977094
1.1953537976265347,0.3597903932922226
-0.777661760701227,1.4936495390970956
-0.22547972784960238,0.028945489897998257
0.5988675414299421,-1.6038110997291422
0.07291503974710958,0.19992919021035005
0.7985260828007725,0.6529970420831458
0.9002603762727623,-0.5476371312891782
-0.6859845258619758,0.8112980703101613
1.4841095292737472,-0.3099741292732536
1.89276072961057,-0.3105074514434991
0.2860744082912382,-0.2972141623568369
-1.796509832247381,-1.467915851035701
0.09984386922901613,0.6282843181988935
-1.2361561904663414,0.28811141889129055
-1.1321817864533503,2.1235012928052233
0.9386875515339199,0.07604101004584256
-1.0163968729909583,-6.118752290448803e-4
0.6638074154577558,-0.8800060054471005
0.35957297073189903,0.17063614444923195
0.16294396328716185,0.21866004346093507
-0.41239754995955763,-0.09145316285813783
0.7329832563812548,-0.18608070583394884
-0.8363422370216528,0.21179336374327568
0.9923728047425361,-1.3774494162240816
0.4577514085944775,1.7166701038043108
0.2997895084823162,-0.46083131452795373
0.4613876610849724,-0.43671813267085346
-1.2624094610550858,-1.18690757645188
-0.810844335998174,-1.0706678968847012
0.16975145907919872,-0.43851742900806073
0.16994147041362911,-2.250467650644548
0.1834883419278024,0.3256697312901054
0.453890026947889,-0.37686738288731164
1.0501865566507125,0.1402226745202942
0.3467198661838547,-0.5954296110071537
-0.16172338387539142,-0.2511968782898948
-1.0816189727958678,-0.24266362839264283
0.5350750652236625,-0.47298410145856445
-0.42973187005990454,-0.1606052852174259
-0.4328938393459825,0.8728392688760709
1.5619569123154007,-0.6665009118491685
-1.656066191998094,0.283522473125056
-0.4796800267263283,0.18823151397025506
-0.6857095291004907,-1.5355875784589983
0.6991400532082815,-1.5723081118863367
0.22466821305458168,1.8499454946903109
-0.4346844029327773,-0.04084321841707319
1.353444379844586,0.019417561828851765
-1.7052615627185186,-1.4849883501114134
-0.28745962341207615,0.6006686268237628
1.0691165479339126,3.5000118350212426
-0.33319639316174654,0.1639648940871085
-0.664190142413042,-1.7885181274769377
-1.209570722084674,0.929300118076711
0.11289120867468865,-3.016341670058147
0.348341900214133,0.15751371148823382
-0.4955392463357241,0.3862116952498755
0.019206365716497868,-2.8162192918872475
-0.8661686455090203,1.996048290019866
1.5361027199223933,-1.122470046645669
-1.7576355924521951,0.5581874228212372
0.6695371744528736,-0.1952433927430008
-1.7237733626313598,2.87876280094647
-0.6792009136918483,-0.6735917742934552
-1.9099322136271493,-0.2661558832623089
-1.1472701640204797,-0.8949771399594505
-2.518222340269762,-2.1408466121074317
1.4984273041484688,1.7720109726836417
1.3208536756710987,-0.46652615776257494
0.39153613425406053,-1.5481359971008462
1.4157490852948569,-0.15532640583778598
0.42132907683708926,0.20901251305133525
0.6884744362250714,-2.224538737196809
0.43758824942448926,-0.1825475239043344
-0.9243203635225576,-2.4276334136444118
1.1689754400572707,-1.2187172301916673
-0.4781673205406158,1.5183982229210287
-1.466785513596328,-1.1884489978699335
-0.22196832045002074,-0.5940703098947624
-0.5755651933616576,0.6359727268798889
0.9712371564458576,2.0085437139435514
-0.18901155316050808,1.3270342923648586
0.3489923884903645,-2.0852385515602214
-0.9276414580035218,-0.5805163293015749
0.6720180345810656,0.612105390119744
0.9506150167907762,1.4301899075772389
0.4048870928223941,0.6075673064934678
-0.6186795283066218,0.3123906117576796
-2.247552393257207,0.5904389659664273
-1.0543663623170112,0.4350295163616257
1.000823896845483,-0.15343030136645558
0.5117641041265478,0.4669518528694995
1.5895294714766508,1.3371607340394782
0.1285254375670185,0.07917871682686778
-0.36040697623098655,-1.111646212502449
0.7501814266955901,0.08389131594955185
0.11686647290081463,0.4608045054459914
-0.4872357410725226,-1.1743192039726162
-0.5683848931427804,1.1173694541862882
-0.09743669657960939,0.2190585712497618
-0.6808463783003293,0.6180632901745626
0.26450157747337355,-0.007085053598832457
-0.05372693015070921,-1.8250649170743363
-0.2889089979453,-0.7759577030496
-0.9810848044386179,-0.8860302920964794
0.15037547288742786,-0.3124663119839529
1.2577245911340522,-3.2128914512530438
-0.19367238576334062,-0.651739152548551
-0.609537700413808,1.4772467439000536
1.5725076455611826,-0.2929028157158986
-0.6498140566397392,1.2423895018648787
-1.3398036171265126,0.6280104839639764
0.7695660854933496,-0.6734922500180478
0.7114477876779193,0.7153850742392786
-1.796596810573733,1.4136022413048077
-1.3449379285149026,0.3914832248799523
-0.5747634161656836,1.263672673396982
1.9795925650960657,0.4059100089454608
-0.011983474111404628,-0.11627452375480758
-0.4048447163150934,-0.3042025913037518
-0.2904426583144218,0.8316438216886823
1.8830335934289926,1.8165825555907085
0.9721763902687943,2.061427487687353
-1.6898856479718116,0.012148581605467236
-0.5988596158954604,-0.12831633989986757
-0.49478588614701513,0.014099888398873897
-0.09036850300548678,-1.0506184908459768
2.0701379683630194,1.669424645838006
-1.1270097003733186,0.16776722508121134
0.002432564038727246,-1.7992493822285984
0.14384615164851564,0.7586644287376579
-1.084542264191655,-0.9364351825041556
-1.270835707365482,1.1423350313060072
1.7640566947195793,1.2349635818499176
-2.6955725778237474,1.4483020699444678
-0.49176501877755124,-1.4626277648587094
-0.5739531154625361,0.716384887846369
-1.4082984267856917,0.6527601868262809
-0.05484950704645363,0.257786257998601
0.22001218026596817,1.083700204121174
0.6865508085176084,0.84235823814096
-1.3073538373502824,-1.0813475210575763
0.05584665464894997,-0.12176993209426472
-0.3543120346657982,-1.5910663229393107
-2.9785189867548896,1.1529461879802074
1.1480345984599492,-0.4108840340819881
0.16263265918438952,0.7288296784729327
-1.4061246938652874,0.9761818278431191
0.6441162542776765,-0.7419456258834478
-0.6829620484724142,-1.3056279634688808
1.204648675950195,0.22049123331627984
-0.47050086477174974,-0.4112033601066355
0.3257366871273616,-0.5441989366622447
-1.706952482420682,-0.5892743494597902
0.5478184961848664,-0.9321044361915654
-0.9463389571180504,0.4863516244555294
-1.707978317874765,2.120745790521704
0.5813511219137785,1.3267068464949003
0.6932404310567786,-1.722180434792229
0.9718015082338332,-1.0561107973232124
-2.163146368509025,0.24593208589044235
-1.0692834563763864,-0.7909740838761306
1.1148688601245498,-0.1630666530152033
0.1044112076096303,-0.9887687472914953
1.469073283426412,-0.35021742144388174
0.7328652904686441,-1.7161652547529267
0.9983671294873045,0.04204626305981725
-1.3563744209233954,0.16636631881913913
1.761564675439931,0.19595727989444367
1.2589653656720219,-2.2837338140382752
0.3072629318104075,-1.5499872596282311
0.3909421808876495,-0.4434991433064502
-0.2188909579427465,-0.11346536985409583
0.6485223295705345,-0.31700686486768753
-0.4878448213358089,-0.044585233901181257
-0.9657956482323556,1.2081800253830606
0.15999929723438042,-0.386542096720833
1.040784440447165,-0.3253508303193045
0.03242440602865288,0.043953403800439286
0.047397590219397066,-1.50291492704045
0.021547858160398645,-0.15138420624212048
1.1485307156220876,-0.8871305863665526
-1.5618187086048128,1.0026758100803101
-1.4111698376999633,0.39976084725731537
-2.1001331055327306,-0.6451432781315141
0.3211151744891551,1.5451502232696297
0.23905338016856387,-0.5599391825532456
-1.2630549092868104,0.33809565725518853
-1.1647565757986185,-1.1188997475215177
-1.0939363876813026,0.16119506765923503
0.19132901142827372,0.7557476191644573
4.7376231602568427e-4,-1.2602393180502842
0.0021082109525770894,0.04852092880584109
1.0718337766377246,0.4349672409095695
0.43606197751645326,-1.0792272566295247
-0.16459188422963086,-0.20371270581373369
-0.8594318118080145,0.3228108738532291
-0.18357928419424563,-0.21810194032717198
1.8589122952566077,1.0075571067754638
-0.35972801800555015,0.04225608452567053
-0.560062349081964,1.2477614142975382
-0.0015321883813258239,-1.167914450523603
-0.48229652668170153,-1.0445504831770882
-0.5435057708602209,-0.14397586139218943
-0.6631869017852021,1.4424060188243644
-0.1510902980836399,-0.3208466455243542
0.19397443341629364,0.5991753373240323
-0.30492276864147544,-1.2552565502064927
0.7094757889184137,0.8131889138198327
0.3916250329875317,0.4022925144237772
0.4658777370128982,1.4012466158003847
0.44069466282351144,1.8598342292938423
-0.29723198261019607,0.33968736531022864
-0.5451406497884884,-0.6854649017899379
1.029447973805582,0.31391202791689565
0.14345289065674985,0.3232492946622147
-0.09425616651305346,1.4010874804841096
2.0287990373179237,-0.4443241183768254
-1.2839083525126842,0.48489335235940756
-0.12634569216642727,1.0718865400445405
0.5016350060603062,0.9262958353113924
-0.06760306102462253,0.5167401519261215
-0.20427465076258935,0.13535032932128363
1.1339169040473054,1.1231493293693362
-0.4331652051255031,-0.40148376795239
1.245488504007917,0.5535395957736516
0.45370806650388984,1.3742975450929302
0.4685334070564225,0.8789052815865278
-0.891386626675183,-0.42587580434410816
0.5575059968665539,-1.4193859369926787
-1.3003930170015336,-0.6805963311985115
0.3407362425722459,-1.5669084142096312
-1.1812728896183227,-0.43522524882313557
-0.17652075241371248,-0.6688774849232171
-1.3896527280942983,0.9464244801822723
-0.7701197723937594,1.3317284859372323
-0.11064275251269906,-1.4378474681063769
-0.2956596845012072,-2.0366687788622886
0.34785384333780517,0.17316102046826423
0.07902323259577974,1.297528818303168
-0.04123908609732999,-2.072407532227049
1.0549888683916415,-1.3908897985213717
-0.7089994604618787,-1.0047307120241724
-0.5220449583307921,0.93566269170068594
-0.3366483792125323,-0.8822459644995523
-0.9492495042898149,1.0281955418787772
-1.8684830303819362,1.2675908383789753
-0.9364075762464436,0.44241459364542235
-0.9818533406123331,0.9394784496374888
-0.6154788120807649,1.3802663845261038
-1.1468535999038791,-0.3360492649659048
0.3864618989319616,-0.6691078192746189
-0.07768216345354725,-0.10133150664606567
-0.6851967423765671,2.5777607856399944
0.4700159826710872,-1.1250069787895824
1.0588127875783442,-0.16663317037581102
0.8737633726740929,0.14366330502861102
-0.6981606763525554,-0.1205597004030235
1.2422908628732094,0.07097236606816681
-1.8788479298534788,0.02392317725296384
1.4598320109708343,-0.4851960799290659
-0.5014838205355895,0.976622736645049
0.8674903679160034,-1.476778561283107
0.013687669553949533,0.5280857020011162
0.4025518887201574,-0.53716539086313
0.9945763910952742,0.251459634133603
-0.6058978601034941,-0.5431990568999642
0.5526005676855965,0.5701499759156414
1.0987977260869393,-2.483202959236303
-0.8122848363087773,1.293040339278527
-1.8532027374088558,0.10136751316577905
-0.28782373092120966,0.32185650091202317
-0.30811271067558343,0.26102187219614675
0.11424634496689169,-0.37215182841879424
0.43422433314141073,1.1130917148523292
0.06570231262351614,-0.06342943651699867
0.12200447888468884,-1.7982240795038738
-1.118007112069042,0.06482104565832242
0.010656047592678363,-1.0778590333622176
0.5653891029593323,-0.2960533464353591
-0.4557641582131735,-1.1635883337448638
-0.9427371795513243,0.11863790395720332
-1.5852311378536397,1.0354017610826003
0.36872178061377736,-1.1110309641797487
-0.5325684869262415,1.3780201389671045
-0.02787599976037234,-0.2365462055553538
-2.0727768032900675,0.1219158687777114
-2.0324855240471726,0.5196044372126097
-0.5280768176447631,1.514670606008635
-0.06802214784073557,0.002457064394628361
-0.445456609582256,-0.8501102891165692
1.1222379313902926,0.6442224352813688
-0.14159436307679635,0.7352314241768944
-0.28243215506350994,1.6994874681734657
-0.1250461819081326,1.9159313502769315
1.2937158365107844,-0.8847469006843035
0.42236123609068515,0.47162748959752177
-0.37701325707700234,1.4116375043518097
0.5080595543378664,0.050927185006711555
0.6513098833294318,0.17728157804148262
-0.690464052932133,1.8324018810553657
1.604390578464019,1.5264729747559376
-1.985576381864181,-0.6478313965045022
-0.8001399070070953,-0.18260805482378656
-1.1550656838234157,1.25881609572938
-0.4917958479753488,-1.833749305684493
1.6141100688909087,-0.23654849969335698
0.7033015432942602,1.3799211979269908
-0.7292244202534566,-0.5052111829045176
0.16794451132727223,-0.7043038732730104
0.9535461747545292,0.31231140150731773
1.7647540049035637,0.14891116547514183
1.2110425926841055,0.8447333850904231
1.532811974593371,0.6133951067257315
0.6133107322164238,-0.41866871794153643
0.21446723541691115,-0.11681789799095578
-1.5188252973856982,0.8813309152710906
-0.6797383232481168,-0.465775649688475
-0.11633165698069882,-1.4543795964417279
0.28700610793822046,-1.272841179476291
-0.2669479808394423,-0.7824728434270802
-0.4329630561537018,0.6356810120864033
1.468282459857392,0.9619584296917217
0.4523996457684251,-0.7718248885089826
0.43804715123967364,1.0565497345671306
0.44676443036654734,-2.110824158538159
-0.027440915461009584,-1.198415459323629
-0.07059982590239712,0.20526242785387933
-1.7940000642769443,-0.6013941987278383
-0.46761838349496854,0.2601559405417444
0.6056761626401718,-1.1360102717450222
0.21344256870253875,-0.35576371517518995
-0.011842370239578284,-0.25347059834883723
-0.9967587742647631,1.053388054871775
-0.14321293001110655,0.8471873436592435
-0.770956915308456,0.4225114070110858
-0.3832581425791002,-1.477437974915714
0.33426660154011123,0.03991642823209516
-0.9027355174432604,-0.8552274833493125
0.9347927039596762,-0.2618389456384975
-0.17582737465589873,0.9014517593575438
-0.16459822832887566,0.6807698252115546
-0.8651490982914865,1.5844298743939391
1.1537031390296697,-0.32459332371376787
-0.3082754054358617,-2.1938254790909406
0.7785506233899758,-1.2536475564635199
0.4229577986950372,-1.0897257283317736
-0.32773448814758094,1.5710820243416665
0.8251582588625893,-1.1388572949462341
-2.1072337484322787,-0.3944795757405948
2.344598910912983,0.32867401988907596
0.7449026671326656,0.23804342575292775
1.0465333875255212,-0.6033065330244748
0.7598772450007634,0.7535766920174682
-1.6717502883208828,0.27946841049046006
1.2862418888533602,-0.5520112080102796
0.7174579679925275,-0.4553109206618729
-0.21377812117805026,-0.4203170624730968
-0.7941725361358614,-0.2709735903389983
-1.0356841286445817,-0.34803906233954474
-1.0621617696731867,-0.71265850233029
1.6251216918077331,0.4436916003611497
-0.14566944489552922,0.09382569767044333
-1.9158119177113129,0.2126369625698154
-0.635738400793052,0.4550911217115459
1.0096126441934883,0.397418992646317
0.7933764606218713,0.016776963022002676
0.09873136290725014,0.7239075752849813
0.30271017067226297,0.08997498103824175
0.5367124170945365,0.9648198596851694
0.39087493762296804,-0.13235440726617773
-0.14556482214029695,-1.766154271914047
-1.6432534391401477,1.201273180926379
-0.45231575496916876,-1.0374059429922928
0.00218755279475975,-1.0916109794942748
0.36764566316608355,0.37298523003540435
0.41680757553031705,0.5376539375300559
0.11394240933671944,1.546718244089459
-0.8851258645300262,0.6664883200732518
-0.2683027403685768,-0.562590072637748
-1.016102098992289,-0.9839475738566384
-0.34026551540620936,0.1995083383047296
-0.034434630751143114,0.5159920009361052
-0.8038523306803679,-0.39246339000048913
-1.2376458822380383,0.4549185126594908
-2.9425653327313386,-0.49604074271929854
-0.24168461944305167,-0.3301820311202113
1.5637556769093757,-1.06831085750174
0.30736104707871265,-0.7591411760275668
1.1480616516634847,1.0052273446486077
-1.5709148854922337,-1.1486338133516043
0.10675479029058145,-0.12979081796092937
-0.8825801932959678,-0.3992609415392215
1.0918158916099858,-1.592727606938571
-0.18049165137601192,1.9393828298961016
-0.12645674838595533,0.09962585750757369
-1.346221076239973,0.6720534030436661
-0.7984421260740505,1.6090876500781193
0.13237177540122771,-0.1087262212044646
-0.34630123977113536,-0.04920702454416341
-1.1328305882840761,-0.8020704075464492
-0.08655565371973123,0.7490503788381886
-0.8086228976059925,0.801979737286558
-0.5045599808082769,-1.5824924953615997
1.0235272556415944,0.9961336636048034
-0.20994299317242196,-1.1677113164011097
-0.7449496488529592,-2.816700885444561
-0.22629535462027034,-1.5076081999290332
-1.0808709758272899,-0.04241206874805512
-1.8492211315229143,0.8456149328097156
-1.0143828243869968,0.9941414133266491
0.24919217468393207,0.23475129000365885
-2.395054524911735,-0.11807938050944766
0.9650743924175502,0.621556457012064
-1.5904709005801034,-1.027080053955875
-0.19354194988848275,0.5937755806441972
-0.6188947164781868,0.3490362174580325
-0.12729145426019886,-0.35091292045914546
-0.15036372668375975,-0.7536233923647911
-0.5113676974446525,0.08765307751510777
-0.2968672303382733,-2.093636091601254
-0.013920786512335305,0.25043017132303563
-1.3171935642005081,1.4700972258486236
-1.8301803265644667,1.4714866899402639
0.05512108526732115,-0.4002043471321401
-0.6613693923661458,-1.5046612335989462
-0.63342656421594,-0.45492008133152334
0.779364510973307,2.342992357540674
-1.2207836924559636,2.378231845550558
0.2876020753787052,1.2873110017755067
0.8700757095003329,-0.999021551552294
-0.05038922947132252,-1.4983231867728566
-0.22472976203636263,1.5632011593182455
0.6505889484267592,0.12348357927774048
0.007803453241415875,-0.5052851274149915
-0.537056457456235,1.2913188451876
-1.6028502373730344,-1.2173914937932289
-0.8885134315222543,-1.7295099806291339
-1.5338575181731722,-2.0330110009631075
0.05541116178818989,0.11499681517057081
-0.3079258935719842,-1.753351594319471
-2.000969303939992,-0.11983322920888317
-1.2368435329200456,-0.5512936073517781
-0.4688426728163149,-1.3722477263666426
-0.9286964999072314,-0.8552043414739436
-0.3528263208936212,-0.23030664037453333
-0.7466438135293298,-2.264460574743011
0.34357630569566044,-1.3675127648333865
-1.0105232097807932,-0.8550718482913611
0.6374646486152697,-0.937749244806653
1.9190076709886337,1.8098279156221129
-0.6964120376901886,0.4235773066193763
-1.286594007904236,-0.43693893042014853
-0.19556754952849897,0.15155593483719276
0.28363820903506015,1.8707985741011752
-1.7109452480448666,0.7943067725334436
-0.6220720077245755,-0.7504170222027429
0.24449135727560525,0.07967270409717647
-0.6687249269712681,-0.6112865826496743
-0.7797666007292404,-1.142506073961558
0.8019865103627274,-0.04924583911869375
0.5201296934417803,1.202636799527475
0.8815047357390423,-0.6055928109271306
1.9676461184838347,-2.203515659388709
1.4446915053163638,-0.8634411568757084
0.523928835386239,-1.0884297210995963
-0.672820032535049,-1.159460513187265
-0.06443068777144306,1.6996695178177421
-0.07743541911424116,-0.3836418013475396
0.6939329747439297,-2.524286960574596
0.6482201353271613,0.5567190124471528
0.7921165792353456,-1.2297936491116443
0.16513612769828892,-0.7134777792059444
0.709738496354127,0.4862055729120276
0.6643646225080418,0.4063606222197182
-0.8378259617305441,0.43183574492355725
0.4288591204098094,0.6732839357271453
1.211923513461122,-0.991100091479691
0.7632632631832095,-1.33306134838578
-0.1758175570617777,0.06287086132513554
0.3052594884778405,0.26972965694687706
-0.5376806337320651,0.7357790872033008
1.0885600117425493,0.9516022520971619
-0.8576086117976204,0.971669337062101
0.29847836664805705,1.8796248395666642
0.19602736582432673,0.8022592892104279
0.01531706998013179,0.026733456200286245
-0.3211798878565368,1.5369370987975781
-0.33580774934256336,0.351931669160293
-0.41403151531845667,0.03057227000207498
-0.03116795442569195,1.4020508660064936
-0.12482004022501761,0.9987055370234937
-0.016166083023371323,0.20462016477033884
-1.2862391380484757,-0.7859560077400677
-1.505887440798962,0.6338112139094376
-0.7995513703927639,0.18412664679473112
0.5822868194049431,-0.867873674701896
1.3920465023201642,0.3503966214171187
0.3680603344616316,-1.7286961530861842
1.4192339138596828,1.5117672105811295
1.0648541965577776,-0.4129799123418185
-0.7726126770182586,1.8069506473749384
-1.1059907172683887,-0.6441915580845273
1.2078654555933828,0.19238937813254753
1.9380614311880084,-2.490081176127155
0.013551035669832467,-1.093351557755093
-1.6008594480526537,-0.6161659681054835
-0.5247335553188961,-0.2126706720695844
-0.5801895195995849,-1.306992167921603
0.5483334131896677,-0.051326779835356634
0.8228691483243447,0.30405631680322603
-0.9329596072065259,0.15906934145242993
-0.3885739216209299,-0.44052990487141785
-0.13910750199724098,-1.488337924516033
-0.04842238554052985,0.9153658671714421
0.7611004902597454,1.322582291206805e-4
-1.557748458597163,0.8092235417542035
-1.4501946973139628,1.176664692074056
0.4571098120775016,2.78270159971907
0.2679995549998925,-1.261815225952447
-0.33064998988302174,0.23498780600622854
0.7804579357555383,-0.7300026651289356
-0.7588192364942562,0.38550214329031574
1.29972256369215,0.31326958177099
-0.9903382751322094,1.3385104423976282
0.06248348558640691,0.9583105658083518
-1.2806148305918619,0.015121617666550052
-1.832092812130047,-1.6384913857945955
-2.50393954436139,-0.47002856994215636
-0.26934874331659514,0.15990434138319015
0.49942171486534837,-0.4183050100545969
0.529534758363618,0.23665793651816178
-0.16516302691174448,-0.817209348050955
1.3126887602211308,-1.7624367987113938
-0.6079019891824585,1.2756679322076068
1.1601150563874927,1.1505575457822155
-0.6129567302673866,-0.3588925112858961
0.8678325503258998,0.48021353675745343
-1.5242325943111494,-0.9107573317780759
0.9882723878722177,0.334075499870364
0.6284829311089014,0.3967412927296743
-0.17885599046424702,0.2959852835585924
-1.4986462502488722,0.9958888212532911
0.5829208910244403,0.585965838112054
-1.7409629994649156,0.0386022402557854
-0.11219599346981854,-0.4252019876039932
0.12604029655651525,-1.390073519773627
-2.4311699394431305,-0.4893516428169424
-0.4052145499822426,0.9973151896972832
1.7194648104002355,1.1746402277223376
0.41736092601746594,-1.8182160131834493
0.20000964751679562,0.9631945738469655
0.22962966053899647,-1.0028220708839142
0.8610428658464072,-0.806711534077141
-0.22679898429664655,1.8395723178207013
-1.3770558042208565,2.1440734375451154
0.32436908948988685,0.8984288787096708
0.85993436801711165,-1.9649564879339674
1.1135549218733853,-0.15926198634894073
0.6799063661737799,0.2617683944020353
-0.665057737141211,-0.06530166349419342
-1.4521272367203824,2.406576022050468
0.5255929981671987,-0.9959203015857331
0.014828954012835368,0.24690460069723655
-1.1963152089811153,0.9659576714057413
-1.1741948696870677,-1.4319009383475658
-0.31941947809716376,-1.0921276874701917
0.13137358250263634,-0.09911918417640887
-1.1145300083198246,0.8033098951168067
1.5390904267929184,0.8051794568407579
0.4665149448530048,-0.9173699576158447
-0.8234181533937951,0.09064105493502089
-0.48144745044709086,-0.9815086648166836
-1.16783094448531,0.6015883626084735
1.766219635402689,0.9380124327491766
0.6374228333421622,0.8975866040842381
-0.7367979893880053,-0.18638456915024262
-0.8485312359568926,2.2478517798034496
-0.623801983832337,-1.1129901048557775
0.6224773768504194,-1.94615128478404
0.958009632921882,-0.16342667226907895
-0.23485948280636618,0.24558987296796592
0.3793272626865488,2.047920943342416
-1.6201502214923205,-1.6686432102530155
0.6728389960352349,0.9662210935319415
-1.315248027771733,0.9305165159779085
0.4307066203952384,-1.4669624495428915
0.3542624663250103,-0.16079690419926715
-0.7787668221594152,-0.6500676327152034
-0.7367437747210327,0.1207767583376936
-3.2065201119382674,0.6181877547953413
-0.26005221035033865,1.1655907218157144
0.010742821554625278,-1.0433963135854234
0.840129368271049,0.5328542217839526
-1.3073770064185597,0.41767754644776484
-1.1898587504799853,0.7918911278023985
0.6558203539456857,-1.5526216015175804
1.9251634028157916,1.0562217967576188
-0.2525401581230934,0.7487615844353405
-0.14170986212206835,1.0109611725230845
0.4695530623356427,-0.08564560080032114
-0.6164949305321192,-0.0802767366001522
-0.47194409202311854,0.05944089892472817
-0.05054527356372116,0.364459653882044
-0.4030879663551507,0.46182329283009516
-1.0117365142780907,-2.026015738737528
-1.5796044615376188,-0.27907387476941214
-0.32258749342156295,-1.7229394878593374
-0.40517268919260185,-0.37090853585714306
-1.262071951879529,1.167673825573602
-0.8403035626183483,-0.7063172092631238
-0.27994340270618295,0.32360946031948307
0.39895033474845215,0.23882563620936811
-1.9081226253753583,-0.7095372531660403
-1.4369296460649796,-1.0120899318718803
0.13867975268313534,0.21709575186454688
-0.3258228392832756,-0.29815506005213344
1.2472408699661062,0.5586440862209067
-0.14889410577744605,-0.09214779513447084
0.9052641653263152,-0.8166936578765202
-1.471713768856866,-0.3881762558172139
-1.6165076328734749,1.2129124495290586
0.6107848096671767,-1.616423681664095
-0.6617618974821073,-0.5539429235478187
-0.8890692107541198,0.8162537643118204
-2.3821998243254363,-1.0180963963487761
0.03643640786338797,0.4208163419854215
-0.42741645441883985,0.4577690543976332
0.3117702573534779,0.40360912319326153
-1.497390517221627,-1.0820930682931387
-0.3599139125399807,-0.9674374652950511
-0.712966483208961,-2.0543063671797905
-0.8484264954204155,1.1373185021874561
0.4093235995651794,-1.5057231879344763
-0.12004599968522887,1.0542061880946396
0.4101955272640766,0.23953966168467175
0.3083425647986305,-2.174566664491632
-1.380786288464671,-0.9088260843534129
-0.3133550437585523,0.7077937384816146
-0.024395923378223303,0.06772418683267889
-0.11577650262035472,0.9108201507321844
-0.9761268713917619,-1.0603887540151389
0.7109564395580964,-0.30386399585141377
0.9575323746387504,-0.7763299381115917
0.570615538409429,1.1750604133043472
0.04569487902424894,2.023606921161905
-1.1126991193495457,0.5030505210648992
0.07518672049391494,-0.9539733043647852
1.0446035305274761,0.28417677708098465
-1.798080250528854,-0.1378458839282109
0.006230656564985398,0.9525092384321451
-0.761268130487713,1.759785900249836
-1.348402225663463,1.2966583532616383
0.2187402749625544,-0.3574728996417057
-0.1273159972147812,0.08661861556672547
-0.07750871104064304,0.9031881729539416
0.2700056662513085,0.41361581269744346
0.9733517720292203,-1.3737678370351276
-0.05848758707964768,-1.0934426551635121
1.9172435024236547,1.8014462479296067
0.2273865124484571,-2.0126202632815646
-0.3028147626519522,-0.47877053762293986
-1.4850858807826728,0.08600237872271566
-1.391710730450608,0.8561477728616926
1.069601792700759,0.02953351000503757
0.0827978920720877,0.4208590974849004
0.08384039743868679,0.1725858148875849
0.6824233355813251,-0.4805185947761603
-0.026215990906416096,1.8924904845588701
-0.7884089522138599,0.4287637164530361
-1.081450265856155,-1.2519419112996655
-2.0814333869389507,-1.4888809265106864
0.9515928213205165,0.7841240298520441
0.8380326771544111,1.0696459243964667
0.016491876245134696,1.9640170301262287
-0.43448224357430304,-0.7711210819414519
-0.3028408332705149,-0.6510348950985346
-0.8180369429674342,0.5360698225480068
0.9307293700948099,1.4995403303425707
-2.7945073060014627,0.9238995676597588
-1.2835969075775462,1.303521357000811
-0.4455050478311236,1.4409726432778802
0.012385976465912643,-0.7435588777485502
0.1268098671349285,-1.3423990112918924
0.9734982426327023,-0.9680845629891535
-1.4997053275017722,1.0882520598264296
0.37777890920178336,-1.7297416394898881
0.5119790771833947,0.30882531698866195
-0.04796920867093001,0.6734502109580073
1.4481629994366125,-0.6928908869148536
1.0169106044838765,-0.05000548237795127
0.18281223784932407,1.1799822586774238
1.2692410522811703,-0.05271691055128997
1.1373037590804511,1.1901038598017126
-0.16624293585876476,0.10668887986318454
1.8066820812350755,0.2630226106786646
0.5875716551071144,-0.5604785006674211
0.9326007342533129,-0.3119864633365548
-0.5906300690812492,0.36263189391227046
-1.3203182239655875,0.9403412625589702
0.08088216711137243,-1.3424103984575193
-1.6293438139886443,-2.2550467246849575
-0.7854960369979279,1.3684353088691767
0.9821193330973641,-0.4675681533404612
0.5049827503056452,0.7326751857188679
0.2511654808150553,-1.0584284065986422
-0.972701168378107,-0.7554292373964159
-0.04851939463025579,-0.48657675194048605
0.7828400930557877,1.463142918942835
0.3920006166882041,0.758533511979111
1.1358034583464562,1.2798315321849856
0.5093943175259611,0.49770634319129364
0.24528429964013118,-0.32314743703277743
0.590884559821175,-1.3226359919002433
-0.3839805586619991,-0.37368269199499266
1.1390170038012015,0.3343979624346139
2.2622053838983747,0.6371663831015612
0.37509761985636936,0.5055704268637126
-1.2707638645793735,-1.3720850936052904
-0.8077023337529537,-0.28563013161381645
1.0330474163624708,0.3281704507994609
0.35914959146777053,0.3977638594884633
0.5205842451324717,0.30244376389078687
1.1426743837227866,0.14697399189533955
0.8838019868389144,-1.7984388672467444
1.9802974514601799,0.5212573858445885
0.13491467139459903,-0.477496822655957
0.8743341313857252,-0.3550853122044389
0.037458131941219434,0.7796785748072287
-0.25540673389388857,-0.09712226275623655
-1.5651333509829668,-1.343647550040582
0.2553117920355961,-0.2168960973145914
-0.4600973512079245,0.4790669469045575
0.1583058754171893,-1.0112622771008524
-1.2089730084086787,-0.4319662680818478
-0.7893483111840822,0.5886213110156687
-0.1387678884049722,-0.9937998485876802
-2.032498764991068,-0.15285592079234933
-1.3856981829426707,-1.6496279914480745
-2.169081474202531,-0.013101360030909233
1.5839235822003732,1.4095182747417323
-0.7236678546814936,-0.7866711145162234
0.49639322142040815,0.2331958886501171
0.5130456710021529,-0.44631043738850346
-0.29493960864727864,0.9687027134858407
1.697261768301668,0.794519243212142
0.6700127135898918,-0.23480048843908022
1.5286093572976858,0.3820692749921158
-0.9817154172321015,0.11612773298987598
-0.6638843949200358,0.45495140077575935
0.69198745194508,0.1743768157552524
0.4225362693676422,-0.2927081384091527
-1.2545890009559828,0.7549137373989367
-0.10184496785781512,0.3891398528501174
2.378179536366194,-0.006915595376766956
0.29588998133217415,-0.5389768987794474
0.2249357266329926,-0.2675555111224125
1.0434242498208628,-1.1923428028255094
-0.3043254387606043,-1.8006676049577528
1.1128602119701998,0.3261342788377206
0.2530296018020268,-0.42674523305031403
0.6357734791475488,0.13946804981488714
-0.9609636864238656,0.8985584287901242
-1.3697606751572742,-0.4300893834045244
-0.6521609256394155,0.6145631700758979
0.24135423483257087,-0.18746964568517646
-0.6334986316662999,-0.6755617873497415
-0.9400292973489793,-0.33328972021549547
-0.3843882820958274,-0.5009710098072728
-0.5964479148491472,-2.482918961315386
-1.4202402285059073,0.45050072466539237
-0.07080419722609355,0.4921904077038268
0.5648183877531342,-0.05251688551056714
0.11950762253486019,-0.32674489294886
1.1083309111240751,0.3133741081515486
0.011393906710611355,0.3441434882544809
0.21240127306244402,-0.3147140080098076
1.2574182810630044,-1.0739859993886032
-1.3279678402285386,-1.1438168335644705
0.06826770351921091,2.318421306828303
-0.16148069160966896,-0.04080541039293843
-1.7967615880972259,0.087550834760803
1.626737702189443,-0.4203623062003618
0.5608005170190017,-0.19998462853360277
-0.41332818221435647,0.08433082837290504
0.5852014459431093,-0.3551123045060076
-0.6626589787599604,-1.3407209522050323
-1.1638504124132758,-0.24830082850180993
0.9498285477646826,0.9727141587753587
-0.42048523185352066,0.11987546530674258
-0.9037676945275969,-0.9244851430612367
0.4342720868321272,-0.5160381506770926
0.5115831403685884,1.2369155010097703
0.07459629136138303,-0.38297448520885397
-0.01867018642135202,0.41001827404871966
-2.222046155138148,-0.5199096819019606
0.47641487372335967,1.9341029002425005
-0.21611177452451547,0.028092015652080436
-0.8003806794777811,1.3089143139413655
0.5815383709361325,-1.03693441694584
0.4634385932930961,0.1503212721856688
-0.18058552245738838,0.6698754344506233
-0.3852401669066464,0.19552660160439309
-1.3513215556554627,0.1954955413989675
-0.33908531466140635,0.8220062219206966
0.6295259427063423,0.2545032130446735
0.26834593326814943,0.3171129305609703
0.037646380406412806,-0.5897946994676281
-0.11806253501449392,0.13179453755233184
-0.2882512529275828,-1.8988499365414402
0.7182863843867097,0.03080521831544146
-1.9449181236342235,-0.03162694268604695
-0.2816310944105614,0.5376722084853192
0.5981006067730745,-1.2726469811307173
0.8255851194352768,-0.6101764210942622
1.2831717420245845,-1.3323853904209273
0.028144028722998635,-0.10742353635832645
-0.09968785188915266,1.1836327407099492
-0.30131985268217654,-0.4183171615902667
-0.49863556716197993,0.39298344311730604
-0.6644223373647378,-1.1506364505518467
-0.3938042933675105,0.6680419255326275
0.26203313699143205,-0.20036210638116958
-1.044404614473067,1.1502947613549686
-1.1016154203742134,1.8653633832710348
-0.8258956642774663,-0.12058838199367328
0.5470755675663296,0.6036791590683748
-0.4594691217909522,0.8641626571432626
0.3286469517449412,1.4621630487881945
1.1063624675073636,-0.6469333231305995
0.521993616413235,-1.4547395488138506
0.6937526180323843,1.759411401881889
1.0521414673780334,0.8863182490112348
-1.0167344045583648,0.643475726782038
-2.0078100000323267,1.6809366818700553
-0.3004843859734904,0.7352253353709506
0.040610042354460626,1.3980258859652552
0.49195948629321273,-0.039565041257214495
-0.8162756971872857,0.6450193752972947
-0.2618312104752383,0.28355876315261336
0.24185343841203055,1.7063241069264847
-0.7104820559991047,0.06737995467912986
-0.8498031704431389,0.2675666477384605
-1.2305763087010804,-0.7901963889674265
1.4828671450288657,-0.5930414226199471
0.5018696318421747,-0.1780147107532039
-0.17803876046405917,-1.1338968347997855
0.014846990579983432,0.2529931623260178
0.8410301506490951,-0.8257598097568383
0.8842287703518852,-1.4285558781445131
-1.0271470370350246,0.6126637580155694
0.023017139390648707,1.8890532007689977
-0.26989648164962893,2.516480793181597
0.2769799489201856,-1.4844856814636151
-0.847984082008674,-0.6656765230633984
-1.2566667119700536,-1.8485076184639408
0.9319733427779778,0.6731098973393455
-1.5195541995004398,1.6608678263065566
2.5483742443303137,-0.3103556977253319
0.6857376078372917,0.36789968300603804
-0.2336938731747402,-0.004923644572007329
-0.5657907172015346,-0.4630654927633947
0.07123681601983924,0.4956084033759222
-0.6131406781395895,1.391201226322784
-0.35491804756632134,0.9640750985383889
-0.719546295572101,1.353983440245292
-0.09472460903211992,2.407284214127703
1.2579249243157453,-0.005404550482216441
1.2371767176746304,-1.4294527594300024
-0.7156147868243192,-0.8619415536815767
2.1747147374640954,0.4431096002304332
-0.3417627526442069,-1.842899719195173
-0.28657748784591985,1.7971867661911516
-0.7429411605351316,0.9571848705894032
0.3573942661698073,-3.1796313798646705
0.1643012251994348,0.559334772158962
0.6221687499428106,-0.4963444304324149
-0.23090482952573096,0.5843886185591356
-0.18672070179394887,0.050245031174232443
0.023068037684079792,1.0482429715305337
-0.5191798313336895,0.3671447450726111
0.4424161007437618,-1.5632100651524552
0.7268923587619104,0.10192302910593648
-1.198696933455561,-1.8499604799572873
-0.28839846694878274,0.3509056666819837
0.20202768973551496,1.477129011295159
-1.4259485375075913,-0.9908078835566994
1.6325438528657124,-0.6360312623296338
0.7666228368732739,0.7607687040963452
-1.5419636976780084,-1.291904921159766
-0.32643630132849893,0.7759570334333067
0.09830590166024168,-0.18505905665406536
-0.9976340021693048,0.8257481804485681
-0.437355337754608,-0.5309565422243329
-1.2191599084598754,0.6137112288477867
-0.657818295722368,-0.33767739724161727
0.33133213131510947,0.3896682366262943
-0.05819125915772659,1.0752208059420847
1.619290730543485,0.11389008561090568
-0.35594280298529546,-0.9489969882122729
1.117701435256559,-1.4701288926386575
0.4014660178038761,1.3816299396858926
-0.6273061093106199,0.5944937021471793
0.06383152527392319,1.3291467764971436
2.18598934407966,-1.1806463341906286
0.2079389793483037,-1.043883049585871
-1.1396270445855305,0.4178795215262958
0.4308245217024301,-0.35293536636408324
-2.201857058841567,-0.9353189011502615
-0.5495837010335547,0.29830797537968373
-2.120015858217766,0.8282344988738559
1.275284983806445,-0.9089187193572236
0.4691759575269778,-0.05532316150610305
-0.5680969032399343,-0.4401863334751644
-1.0077639222974115,-0.7471392009512331
-0.48779310875391263,1.1134247280794916
0.040163746977814364,1.3620933603799608
-0.3632782309734911,0.33577857983242004
-1.5550392752276798,0.4956249898262031
0.49491075887979485,0.032695256411023825
-0.4926268386403143,-0.39687235958246614
0.942278363386503,-1.5367171620849736
-1.1343778794254988,-0.3950633749612296
-0.402403942932447,-0.8902209511569598
-0.33686410961905233,-0.5316499652488145
1.1121099371864787,-0.843407336667035
1.1960423724069522,-0.7624117348897449
-1.2748247989551238,-1.4694725983179433
-0.907295220725554,0.1452334330528775
1.9135359738934952,3.475797776343711
-1.2179757311603576,1.2429856296905832
-0.658978521147807,0.7357369790847524
-0.606092757531924,1.724261877401269
0.4975945033755334,0.04902964303291098
-0.7823737549968206,-1.1301846443883221
0.7917305914743851,1.4929739931472132
0.5387864269183339,-0.19307301797781795
0.04229663199333372,0.4563298866714062
-0.47229311144590364,1.3801587865494123
-0.0897280787535033,-0.3895764242068884
-0.034402026135022454,0.17643903996833482
-0.43337961551963117,-0.5549713959158439
0.9697448928916502,-2.6195839487721386
-1.519861289904949,-1.002633625212564
1.4939364924570175,-1.4531395246558418
-1.1023826371341647,-1.143245938636842
1.9628567080460402,-0.9342723070331576
-1.12127166787779,-0.8075413391516536
1.4965600671783692,-1.4293634912299014
-0.3315668127133284,-0.6657795221914192
0.502201127713001,1.0135030780499152
0.2514502369373616,0.5380423935525795
0.13284107547625082,0.6136865556835026
-0.46598252858125,-0.15529225874700178
-0.08297630199676052,-1.6881445438324159
0.22342880848890692,0.7023365747917518
-1.0704167464265055,-1.0146557571855408
2.0528874995870345,-0.5666268587419636
-1.0039674131170404,1.3943867709274385
0.3261517746238142,-0.21970183607782864
-1.0638938530621826,-0.37387569918005026
-1.2460010014902787,0.12094973952543893
0.13848373114899962,0.1769297780936392
-0.5886042247307237,0.09227524688571374
-0.5459271015732994,1.4662694451813492
1.100994014016861,0.4151033304495185
3.700205858566229,-1.0674050745170953
0.3100953616747023,1.4984960266284808
-0.14687831484736588,-1.5698573526218802
2.614247332798103,0.25941040029223394
-0.5198509241175255,1.7160704191231426
0.39328445498041326,1.5160246594660702
0.9807643890382963,-1.1609306959779626
-0.2322159444251448,-0.13183106901699806
-0.8647783770655012,-0.7211207717050404
-0.22542637438458504,0.0012950716248434032
-1.2482904784078384,-0.5744474270273295
-0.18726352242922492,2.3804594292267396
